{
    "name": "pdf_search_test",
    "type": "fulltext-index",
    "sourceType": "gocbcore",
    "sourceName": "haystack_bucket",
    "planParams": {
        "indexPartitions": 1,
        "numReplicas": 0
    },
    "params": {
        "doc_config": {
            "docid_prefix_delim": "",
            "docid_regexp": "",
            "mode": "scope.collection.type_field",
            "type_field": "type"
        },
        "mapping": {
            "default_analyzer": "standard",
            "default_datetime_parser": "dateTimeOptional",
            "index_dynamic": true,
            "store_dynamic": true,
            "default_mapping": {
                "dynamic": true,
                "enabled": false
            },
            "types": {
                "haystack_scope.haystack_collection": {
                    "dynamic": false,
                    "enabled": true,
                    "properties": {
                        "content": {
                            "enabled": true,
                            "fields": [
                                {
                                    "docvalues": true,
                                    "include_in_all": false,
                                    "include_term_vectors": false,
                                    "index": true,
                                    "name": "content",
                                    "store": true,
                                    "type": "text"
                                }
                            ]
                        },
                        "embedding": {
                            "enabled": true,
                            "dynamic": false,
                            "fields": [
                                {
                                    "vector_index_optimized_for": "recall",
                                    "docvalues": true,
                                    "dims": 384,
                                    "include_in_all": false,
                                    "include_term_vectors": false,
                                    "index": true,
                                    "name": "embedding",
                                    "similarity": "dot_product",
                                    "store": true,
                                    "type": "vector"
                                }
                            ]
                        },
                        "dataframe": {
                            "enabled": true,
                            "fields": [
                                {
                                    "docvalues": true,
                                    "include_in_all": false,
                                    "include_term_vectors": false,
                                    "index": true,
                                    "name": "dataframe",
                                    "store": true,
                                    "analyzer": "keyword",
                                    "type": "text"
                                }
                            ]
                        },
                        "meta": {
                            "dynamic": true,
                            "enabled": true,
                            "properties": {
                                "name": {
                                    "enabled": true,
                                    "fields": [
                                        {
                                            "docvalues": true,
                                            "include_in_all": false,
                                            "include_term_vectors": false,
                                            "index": true,
                                            "name": "name",
                                            "store": true,
                                            "analyzer": "keyword",
                                            "type": "text"
                                        }
                                    ]
                                }
                            }
                        }
                    }
                }
            }
        }
    }
}
