{
  "mappings": {
    "dynamic": false,
    "fields": {
      "element_id": {
         "type": "uuid"
      },
      "text": {
         "type": "string"
      },
      "type": {
         "type": "string"
      },
      "embeddings": {
         "type": "knnVector",
         "dimensions": 768,
         "similarity":"cosine"
      },
      "metadata": {
         "type": "document",
         "fields": {
            "category_depth": {
               "type": "number"
            },
            "parent_id": {
               "type": "uuid"
            },
            "attached_to_filename": {
               "type": "number"
            },
            "filetype": {
               "type": "string"
            },
            "last_modified": {
               "type": "date"
            },
            "file_directory": {
               "type": "string"
            },
            "filename": {
               "type": "string"
            },
            "data_source": {
               "type": "document",
               "fields": {
                  "url": {
                     "type": "string"
                  },
                  "version": {
                     "type": "string"
                  },
                  "date_created": {
                     "type": "date"
                  },
                  "date_modified": {
                     "type": "date"
                  },
                  "date_processed": {
                     "type": "date"
                  },
                  "record_locator": {
                     "type": "string"
                  },
                  "permissions_data": {
                     "type": "string"
                  }
               }
            },
            "coordinates": {
               "type": "document",
               "fields": {
                  "system": {
                     "type": "string"
                  },
                  "layout_width": {
                     "type": "number"
                  },
                  "layout_height": {
                     "type": "number"
                  },
                  "points": {
                     "type": "number"
                  }
               }
            },
            "languages": {
               "type": "string"
            },
            "page_number": {
               "type": "number"
            },
            "page_name": {
               "type": "number"
            },
            "url": {
               "type": "string"
            },
            "links": {
               "type": "string"
            },
            "link_urls": {
               "type": "string"
            },
            "link_texts": {
               "type": "string"
            },
            "sent_from": {
               "type": "string"
            },
            "sent_to": {
               "type": "string"
            },
            "subject": {
               "type": "string"
            },
            "section": {
               "type": "string"
            },
            "header_footer_type": {
               "type": "string"
            },
            "emphasized_text_contents": {
               "type": "string"
            },
            "emphasized_text_tags": {
               "type": "string"
            },
            "text_as_html": {
               "type": "string"
            },
            "regex_metadata": {
               "type": "string"
            },
            "detection_class_prob": {
               "type": "number"
            }
         }
      }
   }
  }
}